path,target,translated
both_ui/bind_yostar_mail|0|5|0,Send code,코드 전송
both_ui/bind_yostar_mail|0|6|0,Bind,연결
both_ui/config|0|2,Settings,설정
both_ui/config|0|4|1,Log Out,로그아웃
both_ui/config|0|5|1,Restart Now,지금 재시작
both_ui/config|0|7|0|0|1,BGM,BGM
both_ui/config|0|7|0|0|2|0,BGM,BGM
both_ui/config|0|7|0|0|3|0|0,Lobby BGM,로비 BGM
both_ui/config|0|7|0|0|3|0|6|0|0|3,Playlist loop,재생목록 반복
both_ui/config|0|7|0|0|3|0|6|1|0|3,Random,랜덤
both_ui/config|0|7|0|0|3|1|0,In-match BGM,게임중 BGM
both_ui/config|0|7|0|0|3|1|6|0|0|3,Playlist loop,재생목록 반복
both_ui/config|0|7|0|0|3|1|6|1|0|3,Random,랜덤
both_ui/config|0|7|0|0|4|0,SE,SE
both_ui/config|0|7|0|0|5|0,Riichi BGM,리치 BGM
both_ui/config|0|7|0|0|6|0,Voice,음성
both_ui/config|0|7|0|0|8|0,SP Voice,SP 음성
both_ui/config|0|7|0|1|0|0|3,High FPS mode,고사양 모드
both_ui/config|0|7|0|1|1|0|3,Power saving mode,저사양 모드
both_ui/config|0|7|0|1|3,Mode,모드
both_ui/config|0|7|0|1|4,(Changes will take effect after restarting the game),(변경사항은 게임을 재시작한 뒤 에 적용됩니다)
both_ui/config|0|7|1|0|0,Control,조작
both_ui/config|0|7|1|0|1,Playing Tiles,타패
both_ui/config|0|7|1|0|2|0|3,Single tap,한번 탭
both_ui/config|0|7|1|0|3|0|3,Double tap,두번 탭
both_ui/config|0|7|1|0|4|0|3,Double to pass & discard,두번 탭하여 넘기기 및 버리기
both_ui/config|0|7|1|1|0,Message,메시지
both_ui/config|0|7|1|1|2|0|3,Anybody,누구나
both_ui/config|0|7|1|1|3|0|3,Friends only,친구만
both_ui/config|0|7|1|1|4|0|3,Forbid all,모두 금지
both_ui/config|0|7|1|2|0,TileSet,타일셋
both_ui/config|0|7|1|2|1,(Can only be set at homepage),(홈페이지에서만 설정 가능)
both_ui/config|0|7|2|0|0,Voice,음성
both_ui/config|0|7|3|0|0,Other,기타
both_ui/config|0|7|3|0|2|1,Gift Code,선물 코드
both_ui/config|0|7|3|0|3|1,View Yaku,역 보기
both_ui/config|0|7|3|0|5|0|1,Contact Us,Contact Us
both_ui/config|0|7|3|0|5|1|1,TERMS OF SERVICE,이용 약관
both_ui/config|0|7|3|0|5|2|1,PRIVACY POLICY,개인정보취급방침
both_ui/config|0|7|3|1|1|1|0,Not Verified,인증되지 않음
both_ui/config|0|7|3|1|1|2,(Tap to get verified),(탭하여 인증)
both_ui/config|0|7|3|3|0,Account settings,계정 설정
both_ui/config|0|7|3|3|2|0,Account Binding：,계정 연결：
both_ui/config|0|7|3|3|2|1|0|0,Not Bound,연결되지 않음
both_ui/config|0|7|3|3|2|1|0|1,(Tap to bind),(탭하여 연결)
both_ui/config|0|7|3|3|2|2|1,(Tap to unbind),(탭하여 연결 해제)
both_ui/config|0|8|0|0,Others,기타
both_ui/config|0|8|1|0,Voice,음성
both_ui/config|0|8|2|0,Preference,환경설정
both_ui/config|0|8|3|0,General,일반
both_ui/getreward|0|3,Tap to close,탭하여 닫기
both_ui/gettitle|0|2,Added to titles,타이틀에 추가됨
both_ui/gitfcode|0|2,Gift Code,선물 코드
both_ui/gitfcode|0|3,Enter a Gift Code to claim rewards,보상 신청을 위해 선물 코드 입력
both_ui/gitfcode|0|5|0,Confirm,확인
both_ui/infolite|0|2|0,Confirm,확인
both_ui/infolite_title|0|2|0,Confirm,확인
both_ui/invite|0|1|0|0,Mute this for 5m,5분 동안 음소거
both_ui/invite|0|2|0|0,Cancel,취소
both_ui/invite|0|3|0|0,Join,참가
both_ui/invite|0|4,Invites you to join,참가 요청
both_ui/invite|0|8,Auto-cancel after 3 minutes,3분 뒤 자동 취소
both_ui/itemdetail|0|6|0,Open,열기
both_ui/itemdetail|0|7|0,How to get,획득 방법
both_ui/otherplayerinfo|0|2|1|1,Add,친구 추가
both_ui/otherplayerinfo|0|2|5|1|0,Friendly Match,친선전
both_ui/otherplayerinfo|0|2|5|2|0,Ranked Match,단위전
both_ui/otherplayerinfo|0|2|6|1|0|0|0,Recent High Score,최근 고득점
both_ui/otherplayerinfo|0|2|6|1|0|3,No record available. Good luck!,기록이 없습니다. 행운을 빌어요!
both_ui/otherplayerinfo|0|2|6|1|1|0,ATK,공격
both_ui/otherplayerinfo|0|2|6|1|1|2,DEF,수비
both_ui/otherplayerinfo|0|2|6|1|1|4,SPD,민첩
both_ui/otherplayerinfo|0|2|6|1|1|6,LUK,행운
both_ui/otherplayerinfo|0|2|6|1|1|8|0,ATK,공격
both_ui/otherplayerinfo|0|2|6|1|1|8|1,DEF,수비
both_ui/otherplayerinfo|0|2|6|1|1|8|2,SPD,민첩
both_ui/otherplayerinfo|0|2|6|1|1|8|3,LUK,행운
both_ui/otherplayerinfo|0|2|6|1|1|9|0,Play Style,플레이 경향
both_ui/otherplayerinfo|0|2|6|1|2|6|0,Rank,순위
both_ui/otherplayerinfo|0|2|6|1|2|7|0,Rank,순위
both_ui/otherplayerinfo|0|2|6|1|2|8|0,Rank,순위
both_ui/otherplayerinfo|0|2|6|1|2|9|0,Rank,순위
both_ui/otherplayerinfo|0|2|6|1|2|10|0,Trends,트렌드
both_ui/otherplayerinfo|0|2|6|1|3|0|0,Detailed Info,상세 정보
both_ui/otherplayerinfo|0|2|6|1|4|0|2,East Round,동풍전
both_ui/otherplayerinfo|0|2|6|1|4|1|0,1st,1위
both_ui/otherplayerinfo|0|2|6|1|4|1|2,2nd,2위
both_ui/otherplayerinfo|0|2|6|1|4|1|4,3rd,3위
both_ui/otherplayerinfo|0|2|6|1|4|1|6|0,4th,4위
both_ui/otherplayerinfo|0|2|6|1|4|1|7|0,Negative,들통
both_ui/otherplayerinfo|0|2|6|1|4|1|8,Total Played,총 플레이 횟수
both_ui/otherplayerinfo|0|2|6|1|4|1|10,Avg Score,평균 점수
both_ui/otherplayerinfo|0|2|6|1|4|1|12,Avg Rank,평균 순위
both_ui/otherplayerinfo|0|2|6|1|4|1|14,Max Repeats,최대 연장
both_ui/otherplayerinfo|0|2|6|1|4|1|16,Avg Turns,평균 화료순
both_ui/otherplayerinfo|0|2|6|1|4|1|18,Win Rate,화료율
both_ui/otherplayerinfo|0|2|6|1|4|1|20,Tsumo Rate,쯔모율
both_ui/otherplayerinfo|0|2|6|1|4|1|22,Deal-in Rate,방총률
both_ui/otherplayerinfo|0|2|6|1|4|1|24,Call Rate,후로율
both_ui/otherplayerinfo|0|2|6|1|4|1|26,Riichi Rate,리치율
both_ui/otherplayerinfo|0|2|6|1|5|0|2,South Round,반장전
both_ui/otherplayerinfo|0|2|6|1|5|1|0,1st,1위
both_ui/otherplayerinfo|0|2|6|1|5|1|2,2nd,2위
both_ui/otherplayerinfo|0|2|6|1|5|1|4,3rd,3위
both_ui/otherplayerinfo|0|2|6|1|5|1|6|0,4th,4위
both_ui/otherplayerinfo|0|2|6|1|5|1|7|0,Negative,들통
both_ui/otherplayerinfo|0|2|6|1|5|1|8,Total Played,총 플레이 횟수
both_ui/otherplayerinfo|0|2|6|1|5|1|10,Avg Score,평균 점수
both_ui/otherplayerinfo|0|2|6|1|5|1|12,Avg Rank,평균 순위
both_ui/otherplayerinfo|0|2|6|1|5|1|14,Max Repeats,최대 연장
both_ui/otherplayerinfo|0|2|6|1|5|1|16,Avg Turns,평균 화료순
both_ui/otherplayerinfo|0|2|6|1|5|1|18,Win Rate,화료율
both_ui/otherplayerinfo|0|2|6|1|5|1|20,Tsumo Rate,쯔모율
both_ui/otherplayerinfo|0|2|6|1|5|1|22,Deal-in Rate,방총률
both_ui/otherplayerinfo|0|2|6|1|5|1|24,Call Rate,후로율
both_ui/otherplayerinfo|0|2|6|1|5|1|26,Riichi Rate,리치율
both_ui/otherplayerinfo|0|2|6|1|6|0|2,Yaku Achieved,달성한 역
both_ui/otherplayerinfo|0|2|6|1|7|0|2,Local Yaku Achieved,달성한 로컬역
both_ui/otherplayerinfo|0|3|1,Empty,비어있음
both_ui/otherplayerinfo|0|3|3|0|0,Send,전송
both_ui/otherplayerinfo|0|3|4,This player only allows friends to leave messages,이 플레이어에게는 친구만 메시지를 전송할 수 있습니다
both_ui/otherplayerinfo|0|3|6|1|4|0|0,Recently used,최근 사용
both_ui/otherplayerinfo|0|3|6|1|4|0|2,All,전체
both_ui/otherplayerinfo|0|3|8|2,No signature yet,서명 없음
both_ui/otherplayerinfo|0|3|8|3,Signature,서명
both_ui/otherplayerinfo|0|5|0,4-Player,4인
both_ui/otherplayerinfo|0|6|0,3-Player,3인
both_ui/otherplayerinfo|0|7|0,Message,메시지
both_ui/otherplayerinfo_en|0|2|1|1,Add,친구 추가
both_ui/otherplayerinfo_en|0|2|5|1|0,Friendly Match,친선전
both_ui/otherplayerinfo_en|0|2|5|2|0,Ranked Match,단위전
both_ui/otherplayerinfo_en|0|2|6|1|0|0|0,Recent High Score,최근 고득점
both_ui/otherplayerinfo_en|0|2|6|1|0|3,No record available. Good luck!,기록이 없습니다. 행운을 빌어요!
both_ui/otherplayerinfo_en|0|2|6|1|1|0,ATK,공격
both_ui/otherplayerinfo_en|0|2|6|1|1|2,DEF,수비
both_ui/otherplayerinfo_en|0|2|6|1|1|4,SPD,민첩
both_ui/otherplayerinfo_en|0|2|6|1|1|6,LUK,행운
both_ui/otherplayerinfo_en|0|2|6|1|1|8|0,ATK,공격
both_ui/otherplayerinfo_en|0|2|6|1|1|8|1,DEF,수비
both_ui/otherplayerinfo_en|0|2|6|1|1|8|2,SPD,민첩
both_ui/otherplayerinfo_en|0|2|6|1|1|8|3,LUK,행운
both_ui/otherplayerinfo_en|0|2|6|1|1|9|0,Play Style,플레이 경향
both_ui/otherplayerinfo_en|0|2|6|1|2|6|0,Rank,순위
both_ui/otherplayerinfo_en|0|2|6|1|2|7|0,Rank,순위
both_ui/otherplayerinfo_en|0|2|6|1|2|8|0,Rank,순위
both_ui/otherplayerinfo_en|0|2|6|1|2|9|0,Rank,순위
both_ui/otherplayerinfo_en|0|2|6|1|2|10|0,Trends,트렌드
both_ui/otherplayerinfo_en|0|2|6|1|3|0|0,Detailed Info,상세 정보
both_ui/otherplayerinfo_en|0|2|6|1|4|0|2,East Round,동풍전
both_ui/otherplayerinfo_en|0|2|6|1|4|1|0,1st,1위
both_ui/otherplayerinfo_en|0|2|6|1|4|1|2,2nd,2위
both_ui/otherplayerinfo_en|0|2|6|1|4|1|4,3rd,3위
both_ui/otherplayerinfo_en|0|2|6|1|4|1|6|0,4th,4위
both_ui/otherplayerinfo_en|0|2|6|1|4|1|7|0,Negative,들통
both_ui/otherplayerinfo_en|0|2|6|1|4|1|8,Total Played,총 플레이 횟수
both_ui/otherplayerinfo_en|0|2|6|1|4|1|10,Avg Score,평균 점수
both_ui/otherplayerinfo_en|0|2|6|1|4|1|12,Avg Rank,평균 순위
both_ui/otherplayerinfo_en|0|2|6|1|4|1|14,Max Repeats,최대 연장
both_ui/otherplayerinfo_en|0|2|6|1|4|1|16,Avg Turns,평균 화료순
both_ui/otherplayerinfo_en|0|2|6|1|4|1|18,Win Rate,화료율
both_ui/otherplayerinfo_en|0|2|6|1|4|1|20,Tsumo Rate,쯔모율
both_ui/otherplayerinfo_en|0|2|6|1|4|1|22,Deal-in Rate,방총률
both_ui/otherplayerinfo_en|0|2|6|1|4|1|24,Call Rate,후로율
both_ui/otherplayerinfo_en|0|2|6|1|4|1|26,Riichi Rate,리치율
both_ui/otherplayerinfo_en|0|2|6|1|5|0|2,South Round,반장전
both_ui/otherplayerinfo_en|0|2|6|1|5|1|0,1st,1위
both_ui/otherplayerinfo_en|0|2|6|1|5|1|2,2nd,2위
both_ui/otherplayerinfo_en|0|2|6|1|5|1|4,3rd,3위
both_ui/otherplayerinfo_en|0|2|6|1|5|1|6|0,4th,4위
both_ui/otherplayerinfo_en|0|2|6|1|5|1|7|0,Negative,들통
both_ui/otherplayerinfo_en|0|2|6|1|5|1|8,Total Played,총 플레이 횟수
both_ui/otherplayerinfo_en|0|2|6|1|5|1|10,Avg Score,평균 점수
both_ui/otherplayerinfo_en|0|2|6|1|5|1|12,Avg Rank,평균 순위
both_ui/otherplayerinfo_en|0|2|6|1|5|1|14,Max Repeats,최대 연장
both_ui/otherplayerinfo_en|0|2|6|1|5|1|16,Avg Turns,평균 화료순
both_ui/otherplayerinfo_en|0|2|6|1|5|1|18,Win Rate,화료율
both_ui/otherplayerinfo_en|0|2|6|1|5|1|20,Tsumo Rate,쯔모율
both_ui/otherplayerinfo_en|0|2|6|1|5|1|22,Deal-in Rate,방총률
both_ui/otherplayerinfo_en|0|2|6|1|5|1|24,Call Rate,후로율
both_ui/otherplayerinfo_en|0|2|6|1|5|1|26,Riichi Rate,리치율
both_ui/otherplayerinfo_en|0|2|6|1|6|0|2,Yaku Achieved,달성한 역
both_ui/otherplayerinfo_en|0|2|6|1|7|0|2,Local Yaku Achieved,달성한 로컬역
both_ui/otherplayerinfo_en|0|3|1,Empty,비어있음
both_ui/otherplayerinfo_en|0|3|3|0|0,Send,Send
both_ui/otherplayerinfo_en|0|3|4,This player only allows friends to leave messages,이 플레이어에게는 친구만 메시지를 전송할 수 있습니다
both_ui/otherplayerinfo_en|0|3|6|1|4|0|0,Recently used,최근 사용
both_ui/otherplayerinfo_en|0|3|6|1|4|0|2,All,All
both_ui/otherplayerinfo_en|0|3|8|2,No signature yet,서명 없음
both_ui/otherplayerinfo_en|0|3|8|3,Signature,서명
both_ui/otherplayerinfo_en|0|5|0,4-Player,4인
both_ui/otherplayerinfo_en|0|6|0,3-Player,3인
both_ui/otherplayerinfo_en|0|7|0,Message,메시지
both_ui/popwindow|0|4|0,Confirm,확인
both_ui/popwindow|1|2|0,Confirm,확인
both_ui/report_nickname|0|2,"If you have found any inappropriate information in the game, please contact our customer support.","If you have found any inappropriate information in the game, please contact our customer support."
both_ui/report_nickname|0|3|0,Report,신고
both_ui/report_nickname|0|4|0,Cancel,취소
both_ui/report_nickname|0|5,Report the nickname,닉네임 신고
both_ui/report_success|0|2,We've received your report. Thank you for your contribution in making a better gaming environment!,We've received your report. Thank you for your contribution in making a better gaming environment!
both_ui/report_success|0|3|0,OK,OK
both_ui/report_success|0|4,Reported successfully,성공적으로 신고됨
both_ui/rules|1|1|0|0|2,1 Han,1판
both_ui/rules|1|1|0|1|2,2 Han,2판
both_ui/rules|1|1|0|2|2,3 Han,3판
both_ui/rules|1|1|0|3|2,6 Han,6판
both_ui/rules|1|1|0|4|2,Mangan,만관
both_ui/rules|1|1|0|5|2,Yakuman,역만
both_ui/rules|1|1|0|6|2,Double Yakuman,더블 역만
both_ui/rules|1|1|0|7|2,Draw,유국
both_ui/rules|1|1|1|0|0|2,Menzenchin Only,멘젠 한정
both_ui/rules|1|4|0,Yaku Overview,역 요약
both_ui/rules|1|5|0,Tutorial,튜토리얼
both_ui/rules_en|1|1|0|0|2,1 Han,1판
both_ui/rules_en|1|1|0|1|2,2 Han,2판
both_ui/rules_en|1|1|0|2|2,3 Han,3판
both_ui/rules_en|1|1|0|3|2,6 Han,6판
both_ui/rules_en|1|1|0|4|2,Mangan,만관
both_ui/rules_en|1|1|0|5|2,Yakuman,역만
both_ui/rules_en|1|1|0|6|2,Double Yakuman,더블 역만
both_ui/rules_en|1|1|0|7|2,Draw,유국
both_ui/rules_en|1|1|1|0|0|2,Menzenchin Only,멘젠 한정
both_ui/rules_en|1|4|0,Yaku Overview,역 요약
both_ui/rules_en|1|5|0,Tutorial,튜토리얼
both_ui/secondconfirm|0|3|0,Confirm,확인
both_ui/secondconfirm|0|4|0,Cancel,취소
both_ui/unbind_yostar_mail|0|2,Account Unbinding,계정 연결 해제
both_ui/unbind_yostar_mail|0|5|0,Send code,코드 전송
both_ui/unbind_yostar_mail|0|6|0,Unbind,연결 해제
common/anotherlogin|0|2|0,Confirm,확인
common/anotherlogin|0|3,Your account has been signed in on another location,계정이 다른 장소에서 로그인되었습니다
common/closeapp|0|2,Do you wish to close the game?,게임을 종료하시겠습니까?
common/closeapp|0|3|0,Confirm,확인
common/closeapp|0|4|0,Cancel,취소
common/disconnect|1|2,Connection lost. Trying to reconnect,연결이 끊어졌습니다. 재접속을 시도하고 있습니다
common/errorinfo|1|3,"Oops, something is wrong with the program. Please refresh and enter the game again","이런, 뭔가 잘못됬습니다. 새로고침 후 다시 게임에 접속해주세요"
common/errorinfo|1|4|1,Restart Now,지금 재시작
common/guajichenfa|0|2|0,Confirm,확인
common/hangup_logout|0|2|0,Confirm,확인
common/hangup_logout|0|3,You have been AFK for a long time. The system has logged you out.,장시간 AFK 상태입니다. 시스템에서 로그아웃됩니다.
common/preventaddiction|0|0,"You have now entered fatigue time and can only earn 50% of rewards from game. For your wellbeing, we suggest you log out from game and do some exercise.","You have now entered fatigue time and can only earn 50% of rewards from game. For your wellbeing, we suggest you log out from game and do some exercise."
common/preventaddiction|0|1,You have entered unhealthy game time. We suggest you log out immediately and take a break. You cannot earn any rewards from game. Unhealthy game status will be lifted after you are offline for 5 hours.,You have entered unhealthy game time. We suggest you log out immediately and take a break. You cannot earn any rewards from game. Unhealthy game status will be lifted after you are offline for 5 hours.
common/preventaddiction|1|0,Cumulative online time,Cumulative online time
common/reconnect|2,You have a match in progress,진행중인 경기가 있습니다
common/reconnect|3|0,Reconnect,재접속
common/shimingrenzheng|0|0|2,Real Name Authentication,Real Name Authentication
common/shimingrenzheng|0|1|1,Authentication,Authentication
common/shimingrenzheng|0|2,"Dear user, according to the “Interim Measures for the Administration of Online Games”, you must go through real name authentication before playing this game.","Dear user, according to the “Interim Measures for the Administration of Online Games”, you must go through real name authentication before playing this game."
common/shimingrenzheng|0|3,1.The ID info can only be submitted once and cannot be changed. Please enter with care.,1.The ID info can only be submitted once and cannot be changed. Please enter with care.
common/shimingrenzheng|0|4,2.This info will only be used for real name authentication and will not be provided to any other third party.,2.This info will only be used for real name authentication and will not be provided to any other third party.
common/shimingrenzheng|0|5,"3.IDs from mainland China, Hong Kong, Macao and Taiwan are supported.","3.IDs from mainland China, Hong Kong, Macao and Taiwan are supported."
common/shimingrenzheng|0|6,Real name:,Real name:
common/shimingrenzheng|0|7,ID number:,ID number:
common/user_xieyi|0|0|2,User Agreement,User Agreement
common/user_xieyi|0|1|1,Accept,Accept
common/user_xieyi|0|3|1,Previous page,Previous page
common/user_xieyi|0|4|1,Next page,Next page
entrance/account_prohibition|0|0|2|0,Confirm,확인
entrance/choose_route|0|0|2,Please choose your server,Please choose your server
entrance/choose_route|0|0|3|0,Domestic route,Domestic route
entrance/choose_route|0|0|4|1,Overseas route,Overseas route
entrance/entrance|1|2|1|1|3,Remember me,계정 기억
entrance/entrance|1|2|2|0,Login with:,로그인 :
entrance/entrance|1|3,We recommend Chrome browser,크롬 브라우저를 추천합니다
entrance/entrance|1|4|1,Logging in,로그인 중
entrance/entrance|1|4|3|1,Log Out,로그아웃
entrance/entrance|1|5|1,Add to Home,홈 화면에 추가
entrance/entrance|2|0|0|2,Yostar Login,Yostar 로그인
entrance/entrance|2|0|2|2,Unavailable,사용 불가
entrance/entrance|2|0|4|2,Send Code,코드 전송
entrance/entrance|2|0|5|4|0,Agree to the,Agree to the
entrance/entrance|2|0|5|4|1,TERMS OF SERVICE,TERMS OF SERVICE
entrance/entrance|2|0|5|4|2,and,and
entrance/entrance|2|0|5|4|3,PRIVACY POLICY,PRIVACY POLICY
entrance/entrance|2|0|7,※Enter email address,※이메일 주소 입력
entrance/entrance|2|0|8,※Enter the verification code sent to your email,※이메일로 전송된 인증 코드 입력
entrance/error_info|0|0|2|0,Confirm,확인
entrance/ios_webview_update|0|1,New update available in iOS. Please download from the official website.,New update available in iOS. Please download from the official website.
entrance/maintenance|0|0|2|0,OK,OK
lobby/activity|0|3|1|1|0|0,Claim,받기
lobby/activity|0|3|1|2|0|0,Delete,삭제
lobby/activity|0|3|2,No Mail,메일 없음
lobby/activity|0|4|2,No Event,이벤트 없음
lobby/activitys/activitybase|0|0|1|1|3,coppers,coppers
lobby/activitys/activitybase|0|0|1|1|4,Revival Tokens,Revival Tokens
lobby/activitys/activitybase|0|0|1|1|9,Claimed,받음
lobby/activitys/activity_duanwu_rank|0|0|4,Claimed,Claimed
lobby/activitys/activity_exchange|0|0|1|1|5|0|0,Redeem,Redeem
lobby/activitys/activity_exchange|0|0|1|1|8,Claimed,Claimed
lobby/activitys/activity_exchange_zhongxia|0|0|1|1|5|0|0,Redeem,Redeem
lobby/activitys/activity_exchange_zhongxia|0|0|1|1|8,Claimed,Claimed
lobby/activitys/activity_guoqing|0|0|12|0|1|1,/,/
lobby/activitys/activity_jiuji|0|0,Revival Tokens,Revival Tokens
lobby/activitys/activity_jiuji|0|1|1|3,coppers,coppers
lobby/activitys/activity_jiuji|0|1|1|4,Revival Tokens,Revival Tokens
lobby/activitys/activity_jiuji|0|1|1|10,Claimed,Claimed
lobby/activitys/activity_task|0|0|1|1|3,coppers,coppers
lobby/activitys/activity_task|0|0|1|1|8,Claimed,Claimed
lobby/activitys/activity_tongbi_exchange|0|0|1|1|5|0|0,Redeem,Redeem
lobby/activitys/activity_tongbi_exchange|0|0|1|1|8,Claimed,Claimed
lobby/activitys/activity_wuyi_exchange|0|0|1|1|5|0|0,Redeem,Redeem
lobby/activitys/activity_wuyi_exchange|0|0|1|1|8,Claimed,Claimed
lobby/activitys/activity_wuyi_task|0|0|1|1|8,Claimed,Claimed
lobby/activitys/activity_yijidagong|0|4,Copper on the map,Copper on the map
lobby/activitys/activity_yijidagong|0|13|0|1,+,+
lobby/activitys/guoqing_popout|0|4|1,Claim,Claim
lobby/activitys/guoqing_popout|0|5|1,Confirm,확인
lobby/add_room|0|2,Join Room #,참가 Room #
lobby/add_room|0|3|0,Confirm,확인
lobby/add_room|0|6|9|1,Clear,삭제
lobby/bag|0|0|0|1,Outfit,의상
lobby/bag|0|0|1|1,Decoration,장식
lobby/bag|0|0|2|1,Gift,선물
lobby/bag|0|0|3|1,Item,아이템
lobby/bag|0|1|3|0,Donate,기부
lobby/bag|0|1|6|0|0,Deselect All,모두 선택 해제
lobby/bag|0|1|6|1|0,Back,뒤로가기
lobby/bag|0|1|6|2|0,Donate,기부
lobby/bag|0|1|6|3,Select the gift you would like to donate,기부하고자 하는 선물을 선택하세요
lobby/bag|0|1|7,You can donate gifts to get Star Dust,선물 기부를 통해 별가루를 획득할 수 있습니다
lobby/bag|0|3|0|0|0|0|3|2|0,Bond,인연
lobby/bag|0|3|2|0,Display All,모두 표시
lobby/bag|0|3|3,Empty,비어있음
lobby/bag|1|0,Inventory,인벤토리
lobby/chang_nickname|0|2,Change Name,이름 변경
lobby/chang_nickname|0|3|1,Name (1-14 chars),이름 (1-14자)
lobby/chang_nickname|0|3|4,Unavailable,사용 불가
lobby/chang_nickname|0|3|6|0,Require,필요
lobby/chang_nickname|0|3|7,Cannot contain empty spaces and special characters,공백 및 특수문자 사용 불가
lobby/chang_nickname|0|4|0,You can change your name once every 30 days.,30일에 한번 이름을 변경할 수 있습니다.
lobby/chang_nickname|0|4|1,Your name can be changed after:,변경될 이름은 다음과 같습니다:
lobby/chang_nickname|0|4|3,day(s),일
lobby/checkhuiyu|0|2,Jade info,Jade info
lobby/checkhuiyu|0|3,Premium Jade:,Premium Jade:
lobby/checkhuiyu|0|5,Free Jade:,Free Jade:
lobby/checkhuiyu|0|7,Total:,Total:
lobby/checkhuiyu|0|10|0,Confirm,확인
lobby/checkhuiyu|0|11|0,Buy,구매
lobby/checkpifuquan|0|2,Current Outfit Voucher status,Current Outfit Voucher status
lobby/checkpifuquan|0|3,Premium:,Premium:
lobby/checkpifuquan|0|5,Free:,Free:
lobby/checkpifuquan|0|7,Total:,Total:
lobby/checkpifuquan|0|10|0,Confirm,확인
lobby/checkpifuquan|0|11|0,Buy,구매
lobby/create_room|0|0|1|0|1|0,4-Player,4인
lobby/create_room|0|0|1|0|2|0,3-Player,3인
lobby/create_room|0|0|1|1|1|0,1 Game,단판
lobby/create_room|0|0|1|1|2|0,East Only,동풍전
lobby/create_room|0|0|1|1|3|0,Two-Wind Match,반장전
lobby/create_room|0|0|1|1|4|0,Vs AI,Vs AI
lobby/create_room|0|0|1|2|1|0,3+5s,3+5s
lobby/create_room|0|0|1|2|2|0,5+10s,5+10s
lobby/create_room|0|0|1|2|3|0,5+20s,5+20s
lobby/create_room|0|0|1|2|4|0,60+0s,60+0s
lobby/create_room|0|0|1|5|1|0,Disable,비활성화
lobby/create_room|0|0|1|5|2|0,Enable,활성화
lobby/create_room|0|0|1|7|2,"Minimum points 100, maximum points 200000","Minimum points 100, maximum points 200000"
lobby/create_room|0|0|1|8|2,"Minimum points 100, maximum points 200000.","Minimum points 100, maximum points 200000."
lobby/create_room|0|0|1|8|3,"At ALL LAST, if the 1st-ranked player has less points than this value, the game will extend into South/West Round","At ALL LAST, if the 1st-ranked player has less points than this value, the game will extend into South/West Round"
lobby/create_room|0|0|1|9|1|0,Yes,예
lobby/create_room|0|0|1|9|2|0,No,아니오
lobby/create_room|0|0|1|10|1|0,Disable,비활성화
lobby/create_room|0|0|1|10|2|0,Enable,활성화
lobby/create_room|0|0|1|11|1|0,No Red Five,적도라 없음
lobby/create_room|0|0|1|11|2|0,3 Red Five,적도라 3개
lobby/create_room|0|0|1|11|3|0,4 Red Five,적도라 4개
lobby/create_room|0|0|1|12|1|0,Yes,예
lobby/create_room|0|0|1|12|2|0,No,아니오
lobby/create_room|0|0|1|13|1|0,1 Han,1판
lobby/create_room|0|0|1|13|2|0,2 Han,2판
lobby/create_room|0|0|1|13|3|0,4 Han,4판
lobby/create_room|0|0|1|14|1|0,Yes,예
lobby/create_room|0|0|1|14|2|0,No,아니오
lobby/create_room|0|0|1|15|1|0,Off,끄기
lobby/create_room|0|0|1|15|2|0,On,켜기
lobby/create_room|0|0|1|16|1|0,Easy,쉬움
lobby/create_room|0|0|1|16|2|0,Normal,일반
lobby/create_room|0|1|2,Create Room,Room 만들기
lobby/diamond_less|0|2,Insufficient Jade,Insufficient Jade
lobby/diamond_less|0|4|0,Buy,구매
lobby/diamond_less|0|5|0,Cancel,취소
lobby/diamond_less|0|6,Insufficient Jade ，Do you wish to Purchase ？,Insufficient Jade ，Do you wish to Purchase ？
lobby/force_update|0|2,"New updates detected, please try to restart your game","New updates detected, please try to restart your game"
lobby/force_update|0|3|0,Confirm,확인
lobby/friend|0|1|0,Friends,친구
lobby/friend|1|1|0|0,Friend List,친구 목록
lobby/friend|1|1|1|0,Application,Application
lobby/friend|1|1|2|0,Search,검색
lobby/friend|1|2|1|0,Search,검색
lobby/friend|1|2|2|0|0|0|1|0,Add,추가
lobby/friend|1|2|2|0|0|0|5,Applied,신청됨
lobby/friend|1|2|2|0|0|1|1|0,Add,추가
lobby/friend|1|2|2|0|0|1|5,Applied,신청됨
lobby/friend|1|3|0|0|0|1|0,View,보기
lobby/friend|1|3|0|0|0|2|0,Delete,삭제
lobby/friend|1|3|0|0|0|8|0,Watch,관전
lobby/friend|1|3|1,Your Friend List is Empty,친구 목록 비어있음
lobby/friend|1|3|3,Friends:,친구:
lobby/friend|1|4|0|0|0|1|0,View,보기
lobby/friend|1|4|0|0|0|2|0,Accept,수락
lobby/friend|1|4|0|0|0|3|0,Reject,거절
lobby/friend|1|4|1,No friend application,No friend application
lobby/friend|1|5|0,My ID:,내 ID:
lobby/info|0|2,Info,정보
lobby/lobby|3|1|0|0|0|0|3,Novice & Adept,초심자 & 작사
lobby/lobby|3|1|0|0|1|0|3,Adept & Expert,작사 & 작걸
lobby/lobby|3|1|0|0|2|0|3,Expert & Master,작걸 & 작호
lobby/lobby|3|1|0|0|3|0|3,Master & Saint,작호 & 작성
lobby/lobby|3|1|0|0|4|0|3,Saint & Above,작성 & 혼천
lobby/lobby|3|2|0|0|3,Free,자유
lobby/lobby|3|2|0|1|3,Free,자유
lobby/lobby|3|4|0|0|0|2,Online:,온라인:
lobby/lobby|3|4|0|0|0|4|0,Reserved,참가 신청됨
lobby/lobby|3|4|0|0|1|2,Online:,온라인:
lobby/lobby|3|4|0|0|1|4|0,Reserved,참가 신청됨
lobby/lobby|3|4|0|0|2|2,Online:,온라인:
lobby/lobby|3|4|0|0|2|4|0,Reserved,참가 신청됨
lobby/lobby|3|4|0|0|3|2,Online:,온라인:
lobby/lobby|3|4|0|0|3|4|0,Reserved,참가 신청됨
lobby/lobby|5|3|0,Rank,순위
lobby/lobby|5|4|0,Info,정보
lobby/lobbychat|0|1|0|2|0|0,Send,보내기
lobby/match_lobby|0|0,Lobby,로비
lobby/match_lobby|1|0|1|0,Search,검색
lobby/match_lobby|1|0|2|0,Enter Tournament ID,토너먼트 ID 입력
lobby/match_lobby|1|1|0,Followed only,팔로우 한정
lobby/match_lobby|1|3|0|2,Followed,팔로우함
lobby/match_lobby|1|3|0|5,Not started,시작되지 않음
lobby/match_lobby|1|3|0|5|0,Start time:,시작 일시:
lobby/match_lobby|1|3|0|7,In progress,진행중
lobby/match_lobby|1|3|0|7|0,End time:,종료 일시:
lobby/match_lobby|1|3|0|8,Ended,종료됨
lobby/match_lobby|1|3|0|8|0,End time:,종료 일시:
lobby/match_lobby|1|3|0|9|0|0,View,보기
lobby/match_lobby|1|4,No tournaments,토너먼트 없음
lobby/match_lobby|1|7|0,My ID:,내 ID:
lobby/match_lobby|2|0|5|0,Close,닫기
lobby/match_lobby|2|0|6|0,Enter,입장
lobby/match_room|0|0,Tournament,토너먼트
lobby/match_room|1|0|0|0,Home,홈
lobby/match_room|1|0|1|0,Log,로그
lobby/match_room|1|0|2|0,Watch,관전
lobby/match_room|1|1|0|0|0|2,GM message,GM 메시지
lobby/match_room|1|1|0|0|2|0|0,Send,전송
lobby/match_room|1|1|0|1|0,Chat,채팅
lobby/match_room|1|1|0|2|0,Notice,공지
lobby/match_room|1|1|1|1,Time,일시
lobby/match_room|1|1|1|2,Start time:,시작 일시:
lobby/match_room|1|1|1|3,End time:,종료 일시:
lobby/match_room|1|1|1|4,Rules,규칙
lobby/match_room|1|1|1|5,My Ranking,내 순위
lobby/match_room|1|1|1|8,Last 5 Matches:,최근 5경기:
lobby/match_room|1|1|1|9,Matches played:,플레이한 경기:
lobby/match_room|1|1|1|10|0,Prepare for match,경기 준비
lobby/match_room|1|1|1|11,Online:,온라인:
lobby/match_room|1|1|1|13|0|0,Details,상세
lobby/match_room|1|1|3|0,Set as Focus,Set as Focus
lobby/match_room|1|3|1|0|1|4,Rank,순위
lobby/match_room|1|3|1|0|2|4,Rank,순위
lobby/match_room|1|3|1|0|3|4,Rank,순위
lobby/match_room|1|3|1|0|4|4,Rank,순위
lobby/match_room|1|3|1|0|6,Match Time,경기 일시
lobby/match_room|1|3|1|0|7|0,View,보기
lobby/match_room|1|3|1|0|8|0,Share,공유
lobby/match_room|1|3|2|0,Other Logs,기타 로그
lobby/match_room|2|0|3,Rule Details,상세 규칙
lobby/match_room|2|0|4|0,Close,닫기
lobby/match_room|2|1|3,Rule Details,상세 규칙
lobby/match_room|2|1|4|0,Close,닫기
lobby/match_room|3|0|2,Enter Log Number,로그 번호 입력
lobby/match_room|3|0|3|0,Confirm,확인
lobby/match_room|3|0|6|1,Anonymously Share,익명 공유
lobby/match_room|4|0|2,Criteria not met,Criteria not met
lobby/match_room|4|0|3,You are not eligible to participate in this tournament. Unable to start match,You are not eligible to participate in this tournament. Unable to start match
lobby/match_room|4|0|4|0,Close,닫기
lobby/nickname|0|2,Name Your Character,캐릭터 이름
lobby/nickname|0|4,Name (1-14 chars),이름 (1-14자)
lobby/nickname|0|6,Available,사용가능
lobby/nickname|0|7,Unavailable,사용불가
lobby/nickname|0|8|1,Confirm,확인
lobby/nickname|0|9,Cannot contain empty spaces and special characters,공백 및 특수문자 사용 불가
lobby/nickname|0|10|1,Exit,나가기
lobby/nickname|1|2,Tutorials,튜토리얼
lobby/nickname|1|3,Welcome to Mahjong Soul!,작혼에 오신 것을 환영합니다!
lobby/nickname|1|4,Name,이름
lobby/nickname|1|5,Do you want to start a tutorial of Riichi Mahjong?,리치 마작 튜토리얼을 시작할까요?
lobby/nickname|1|7|0|0,No,아니오
lobby/nickname|1|8|0|0,Yes,예
lobby/number_input|0|2,Join Room #,참가 Room #
lobby/number_input|0|3|0,Confirm,확인
lobby/number_input|0|6|9|1,Clear,삭제
lobby/ob|0|0,No game info,게임 정보 없음
lobby/ob|0|6|0,Show friends only,친구만 보기
lobby/ob|0|7|1,Refresh,새로고침
lobby/ob|1|0,Watch,관전
lobby/openbox|1|3,Choose one gift,선물 하나를 선택하세요
lobby/openbox|1|5|0,Confirm,확인
lobby/page_sign_chs|1|1|1,Confirm,확인
lobby/page_sign_chs|1|2|1,Sign-in,로그인
lobby/page_sign_en|1|1|1,Confirm,확인
lobby/page_sign_en|1|2|1,Sign-in,로그인
lobby/page_sign_jp|1|1|1,Confirm,확인
lobby/page_sign_jp|1|2|1,Sign-in,로그인
lobby/paipu|0|1|0,Log,로그
lobby/paipu|1|4|0|1|4,Rank,순위
lobby/paipu|1|4|0|2|4,Rank,순위
lobby/paipu|1|4|0|3|4,Rank,순위
lobby/paipu|1|4|0|4|4,Rank,순위
lobby/paipu|1|4|0|7|0,View,보기
lobby/paipu|1|4|0|8|0,Share,공유
lobby/paipu|1|5|0,Other Logs,다른 로그
lobby/paipu|1|6,Collection Limit:,컬렉션 제한:
lobby/paipu|1|7|0|1,Overview,요약
lobby/paipu|1|7|1|1,Match,경기
lobby/paipu|1|7|2|1,Friends,친구
lobby/paipu|1|7|3|1,Tournament,토너먼트
lobby/paipu|1|7|4|1,Collection,컬렉션
lobby/paipu|1|8,No record,기록 없음
lobby/paipu|2|2,Enter Log Number,로그 번호 입력
lobby/paipu|2|3|0,Confirm,확인
lobby/paipu|2|6|1,Anonymously Share,익명 공유
lobby/paipu|3|1|2,Log Collection,로그 컬렉션
lobby/paipu|3|1|3|0,Collect,컬렉션에 추가
lobby/paipu|3|1|5,Remarks are too long,Remarks are too long
lobby/pifuquan_less|0|2,Insufficient Outfit Voucher,Insufficient Outfit Voucher
lobby/pifuquan_less|0|4|0,Buy,구매
lobby/pifuquan_less|0|5|0,Cancel,취소
lobby/pifuquan_less|0|6,Insufficient Outfit Voucher，Do you wish to Purchase ？,Insufficient Outfit Voucher，Do you wish to Purchase ？
lobby/pipei|0|2,Ranked Match,단위전
lobby/pipei|0|3,Finding opponents,다른 플레이어를 찾는 중
lobby/pipei|0|4|0,Cancel,취소
lobby/pipeichenggong|1|2,Match is ready,경기 준비됨
lobby/pipeiyuyue|0|1,Matchmaking,경기 찾는 중
lobby/playerinfo|1|1|0,4-Player,4인
lobby/playerinfo|1|2|0,3-Player,3인
lobby/playerinfo|1|3|0,Message,메시지
lobby/playerinfo|1|4|1,Empty,비어있음
lobby/playerinfo|1|4|2|0|8|1|0,Info,정보
lobby/playerinfo|1|4|5|3,No signature yet,서명 없음
lobby/playerinfo|1|4|5|4,Signature,서명
lobby/playerinfo|1|5|2|1,Title Book,타이틀북
lobby/playerinfo|1|5|3|1,Change Name,이름 변경
lobby/playerinfo|1|5|6|1|0,Friendly Match,친선전
lobby/playerinfo|1|5|6|2|0,Ranked Match,단위전
lobby/playerinfo|1|5|7|1|0|0|0,Recent High Score,최근 고득점
lobby/playerinfo|1|5|7|1|0|3,No record available. Good luck!,기록이 없습니다. 행운을 빌어요!
lobby/playerinfo|1|5|7|1|1|0,ATK,공격
lobby/playerinfo|1|5|7|1|1|2,DEF,수비
lobby/playerinfo|1|5|7|1|1|4,SPD,민첩
lobby/playerinfo|1|5|7|1|1|6,LUK,행운
lobby/playerinfo|1|5|7|1|1|8|0,ATK,공격
lobby/playerinfo|1|5|7|1|1|8|1,DEF,수비
lobby/playerinfo|1|5|7|1|1|8|2,SPD,민첩
lobby/playerinfo|1|5|7|1|1|8|3,LUK,행운
lobby/playerinfo|1|5|7|1|1|9|0,Play Style,플레이 경향
lobby/playerinfo|1|5|7|1|2|6|0,Rank,순위
lobby/playerinfo|1|5|7|1|2|7|0,Rank,순위
lobby/playerinfo|1|5|7|1|2|8|0,Rank,순위
lobby/playerinfo|1|5|7|1|2|9|0,Rank,순위
lobby/playerinfo|1|5|7|1|2|10|0,Trends,트렌드
lobby/playerinfo|1|5|7|1|3|0|0,Detailed Info,상세 정보
lobby/playerinfo|1|5|7|1|4|0|2,East Round,동풍전
lobby/playerinfo|1|5|7|1|4|1|0,1st,1위
lobby/playerinfo|1|5|7|1|4|1|2,2nd,2위
lobby/playerinfo|1|5|7|1|4|1|4,3rd,3위
lobby/playerinfo|1|5|7|1|4|1|6|0,4th,4위
lobby/playerinfo|1|5|7|1|4|1|7|0,Negative,들통
lobby/playerinfo|1|5|7|1|4|1|8,Total Played,총 플레이 횟수
lobby/playerinfo|1|5|7|1|4|1|10,Avg Score,평균 점수
lobby/playerinfo|1|5|7|1|4|1|12,Avg Rank,평균 순위
lobby/playerinfo|1|5|7|1|4|1|14,Max Repeats,최대 연장
lobby/playerinfo|1|5|7|1|4|1|16,Avg Turns,평균 화료순
lobby/playerinfo|1|5|7|1|4|1|18,Win Rate,화료율
lobby/playerinfo|1|5|7|1|4|1|20,Tsumo Rate,쯔모율
lobby/playerinfo|1|5|7|1|4|1|22,Deal-in Rate,방총률
lobby/playerinfo|1|5|7|1|4|1|24,Call Rate,후로율
lobby/playerinfo|1|5|7|1|4|1|26,Riichi Rate,리치율
lobby/playerinfo|1|5|7|1|5|0|2,South Round,반장전
lobby/playerinfo|1|5|7|1|5|1|0,1st,1위
lobby/playerinfo|1|5|7|1|5|1|2,2nd,2위
lobby/playerinfo|1|5|7|1|5|1|4,3rd,3위
lobby/playerinfo|1|5|7|1|5|1|6|0,4th,4위
lobby/playerinfo|1|5|7|1|5|1|7|0,Negative,들통
lobby/playerinfo|1|5|7|1|5|1|8,Total Played,총 플레이 횟수
lobby/playerinfo|1|5|7|1|5|1|10,Avg Score,평균 점수
lobby/playerinfo|1|5|7|1|5|1|12,Avg Rank,평균 순위
lobby/playerinfo|1|5|7|1|5|1|14,Max Repeats,최대 연장
lobby/playerinfo|1|5|7|1|5|1|16,Avg Turns,평균 화료순
lobby/playerinfo|1|5|7|1|5|1|18,Win Rate,화료율
lobby/playerinfo|1|5|7|1|5|1|20,Tsumo Rate,쯔모율
lobby/playerinfo|1|5|7|1|5|1|22,Deal-in Rate,방총률
lobby/playerinfo|1|5|7|1|5|1|24,Call Rate,후로율
lobby/playerinfo|1|5|7|1|5|1|26,Riichi Rate,리치율
lobby/playerinfo|1|5|7|1|6|0|2,Yaku Achieved,달성한 역
lobby/playerinfo|1|5|7|1|7|0|2,Local Yaku Achieved,달성한 로컬역
lobby/playerinfo_en|1|1|0,4-Player,4인
lobby/playerinfo_en|1|2|0,3-Player,3인
lobby/playerinfo_en|1|3|0,Message,메시지
lobby/playerinfo_en|1|4|1,Empty,비어있음
lobby/playerinfo_en|1|4|2|0|8|1|0,Info,정보
lobby/playerinfo_en|1|4|5|3,No signature yet,서명 없음
lobby/playerinfo_en|1|4|5|4,Signature,서명
lobby/playerinfo_en|1|5|2|1,Title Book,타이틀북
lobby/playerinfo_en|1|5|3|1,Change Name,이름 변경
lobby/playerinfo_en|1|5|6|1|0,Friendly Match,친선전
lobby/playerinfo_en|1|5|6|2|0,Ranked Match,단위전
lobby/playerinfo_en|1|5|7|1|0|0|0,Recent High Score,최근 고득점
lobby/playerinfo_en|1|5|7|1|0|3,No record available. Good luck!,기록이 없습니다. 행운을 빌어요!
lobby/playerinfo_en|1|5|7|1|1|0,ATK,공격
lobby/playerinfo_en|1|5|7|1|1|2,DEF,수비
lobby/playerinfo_en|1|5|7|1|1|4,SPD,민첩
lobby/playerinfo_en|1|5|7|1|1|6,LUK,행운
lobby/playerinfo_en|1|5|7|1|1|8|0,ATK,공격
lobby/playerinfo_en|1|5|7|1|1|8|1,DEF,수비
lobby/playerinfo_en|1|5|7|1|1|8|2,SPD,민첩
lobby/playerinfo_en|1|5|7|1|1|8|3,LUK,행운
lobby/playerinfo_en|1|5|7|1|1|9|0,Play Style,플레이 경향
lobby/playerinfo_en|1|5|7|1|2|6|0,Rank,순위
lobby/playerinfo_en|1|5|7|1|2|7|0,Rank,순위
lobby/playerinfo_en|1|5|7|1|2|8|0,Rank,순위
lobby/playerinfo_en|1|5|7|1|2|9|0,Rank,순위
lobby/playerinfo_en|1|5|7|1|2|10|0,Trends,트렌드
lobby/playerinfo_en|1|5|7|1|3|0|0,Detailed Info,상세 정보
lobby/playerinfo_en|1|5|7|1|4|0|2,East Round,동풍전
lobby/playerinfo_en|1|5|7|1|4|1|0,1st,1위
lobby/playerinfo_en|1|5|7|1|4|1|2,2nd,2위
lobby/playerinfo_en|1|5|7|1|4|1|4,3rd,3위
lobby/playerinfo_en|1|5|7|1|4|1|6|0,4th,4위
lobby/playerinfo_en|1|5|7|1|4|1|7|0,Negative,들통
lobby/playerinfo_en|1|5|7|1|4|1|8,Total Played,총 플레이 횟수
lobby/playerinfo_en|1|5|7|1|4|1|10,Avg Score,평균 점수
lobby/playerinfo_en|1|5|7|1|4|1|12,Avg Rank,평균 순위
lobby/playerinfo_en|1|5|7|1|4|1|14,Max Repeats,최대 연장
lobby/playerinfo_en|1|5|7|1|4|1|16,Avg Turns,평균 화료순
lobby/playerinfo_en|1|5|7|1|4|1|18,Win Rate,화료율
lobby/playerinfo_en|1|5|7|1|4|1|20,Tsumo Rate,쯔모율
lobby/playerinfo_en|1|5|7|1|4|1|22,Deal-in Rate,방총률
lobby/playerinfo_en|1|5|7|1|4|1|24,Call Rate,후로율
lobby/playerinfo_en|1|5|7|1|4|1|26,Riichi Rate,리치율
lobby/playerinfo_en|1|5|7|1|5|0|2,South Round,반장전
lobby/playerinfo_en|1|5|7|1|5|1|0,1st,1위
lobby/playerinfo_en|1|5|7|1|5|1|2,2nd,2위
lobby/playerinfo_en|1|5|7|1|5|1|4,3rd,3위
lobby/playerinfo_en|1|5|7|1|5|1|6|0,4th,4위
lobby/playerinfo_en|1|5|7|1|5|1|7|0,Negative,들통
lobby/playerinfo_en|1|5|7|1|5|1|8,Total Played,총 플레이 횟수
lobby/playerinfo_en|1|5|7|1|5|1|10,Avg Score,평균 점수
lobby/playerinfo_en|1|5|7|1|5|1|12,Avg Rank,평균 순위
lobby/playerinfo_en|1|5|7|1|5|1|14,Max Repeats,최대 연장
lobby/playerinfo_en|1|5|7|1|5|1|16,Avg Turns,평균 화료순
lobby/playerinfo_en|1|5|7|1|5|1|18,Win Rate,화료율
lobby/playerinfo_en|1|5|7|1|5|1|20,Tsumo Rate,쯔모율
lobby/playerinfo_en|1|5|7|1|5|1|22,Deal-in Rate,방총률
lobby/playerinfo_en|1|5|7|1|5|1|24,Call Rate,후로율
lobby/playerinfo_en|1|5|7|1|5|1|26,Riichi Rate,리치율
lobby/playerinfo_en|1|5|7|1|6|0|2,Yaku Achieved,달성한 역
lobby/playerinfo_en|1|5|7|1|7|0|2,Local Yaku Achieved,달성한 로컬역
lobby/pop_buy_multi|0|6|0,Buy,구매
lobby/pop_buy_multi|0|7|0,Price,Price
lobby/pop_buy_multi|0|8|0,Remaining,Remaining
lobby/pop_buy_multi|0|9,Refreshes once every month,Refreshes once every month
lobby/pop_buy_multi|0|10|0,Total Price,Total Price
lobby/pop_buy_single|0|6|0,Buy,구매
lobby/pop_buy_single|0|7|0,Total Price,Total Price
lobby/rank|0|2|0|0|4,pt,pt
lobby/rank|0|4|1|7,pt,pt
lobby/rank|0|5|0|0,4-Player,4인
lobby/rank|0|5|1|0,3-Player,3인
lobby/recharge|0|0,Shop,상점
lobby/recharge|1|0|0|0,Misc,기타
lobby/recharge|1|0|1|0,Wishing,Wishing
lobby/recharge|1|0|2|0,Star,Star
lobby/recharge|1|0|3|0,Summon Shop,Summon Shop
lobby/recharge|1|0|4|0,Summon,Summon
lobby/recharge|1|2|0|1,Title,Title
lobby/recharge|1|2|6|0,Current,Current
lobby/recharge|1|2|8|0,Claim,Claim
lobby/recharge|1|2|9|0|1,Rewards,Rewards
lobby/recharge|2|0|6|0,Buy,구매
lobby/recharge|2|0|7|0,Total Price,Total Price
lobby/shop|0|0|0|0,Outfit,Outfit
lobby/shop|0|0|1|0,Fortune,Fortune
lobby/shop|0|0|2|0,Star,Star
lobby/shop|0|0|3|0,Wishing,Wishing
lobby/shop|0|0|4|0,Misc,Misc
lobby/shop|0|1|1|0|0,Refresh,Refresh
lobby/shop|0|1|1|0|1|0,Refresh,Refresh
lobby/shop|0|1|1|2,Can`t refresh anymore today,Can`t refresh anymore today
lobby/shop|0|1|2|0,Duplicate characters will be converted into Wishing Stones,Duplicate characters will be converted into Wishing Stones
lobby/shop|0|1|3|2,Duplicate decorations will be converted into Star Stones,Duplicate decorations will be converted into Star Stones
lobby/shop|0|1|4|1,Star Dust can be acquired by donating Gifts,Star Dust can be acquired by donating Gifts
lobby/shop|0|2|0|0|6|2|0,Purchase,Purchase
lobby/shop|0|2|3,Sold Out,Sold Out
lobby/shop|1|0,Shop,Shop
lobby/shop_lobby_yulan|1|2|2|0,Buy,구매
lobby/shop_pack_detail|0|5|0,Original Price:,Original Price:
lobby/shop_pack_detail|0|6|0,Discount Rate:,Discount Rate:
lobby/shop_pack_detail|0|7|0,Final Price:,Final Price:
lobby/shop_pack_detail|0|8|0,Buy,구매
lobby/shop_pack_detail|0|9,Items contained in this pack,Items contained in this pack
lobby/shop_skin_yulan|2|0|2|0,Buy,구매
lobby/sign|1|2,Daily Prayer,Daily Prayer
lobby/sign|1|3|4|0,Day,일
lobby/sign|1|3|4|1,Day,일
lobby/sign|1|4|4|0,Day,일
lobby/sign|1|4|4|1,Day,일
lobby/sign|1|5|0,Claim,받기
lobby/sign|1|5|2,Claimed,받음
lobby/sushe_select|0|1|0|0,Character,캐릭터
lobby/sushe_select|0|1|1|0,Decoration,장식
lobby/sushe_select|0|4|0|2|0,In Use,사용중
lobby/sushe_select|0|4|0|3|0|0,Use,사용하기
lobby/sushe_select|0|4|0|4|0|0,Save,저장
lobby/sushe_select|0|4|1|6|0,Empty,비어있음
lobby/sushe_select|0|4|4|5|0,Empty,비어있음
lobby/sushe_select|1|0,Dorm,Dorm
lobby/sushe_select_en|0|1|0|0,Character,캐릭터
lobby/sushe_select_en|0|1|1|0,Decoration,장식
lobby/sushe_select_en|0|4|0|2|0,In Use,사용중
lobby/sushe_select_en|0|4|0|3|0|0,Use,사용하기
lobby/sushe_select_en|0|4|0|4|0|0,Save,저장
lobby/sushe_select_en|0|4|1|6|0,Empty,비어있음
lobby/sushe_select_en|0|4|4|5|0,Empty,비어있음
lobby/sushe_select_en|1|0,Dorm,Dorm
lobby/tangfang1|6|3|0,Confirm,확인
lobby/titlebook|1|2,Title Book,타이틀북
lobby/titlebook|1|3,Available,사용가능
lobby/titlebook|1|6,Your Title Book is empty.,타이틀북이 비어있습니다.
lobby/treasure|0|0|0,Summon 10 Times,Summon 10 Times
lobby/treasure|0|0|1,Get,Get
lobby/treasure|0|0|3,"Chance to get characters, decorations or gifts","Chance to get characters, decorations or gifts"
lobby/treasure|0|0|5|0,Summon 10 Times,Summon 10 Times
lobby/treasure|0|1|0,Summon Once,Summon Once
lobby/treasure|0|1|1,Get,Get
lobby/treasure|0|1|3,"Chance to get characters, decorations or gifts","Chance to get characters, decorations or gifts"
lobby/treasure|0|1|5|0,Summon Once,Summon Once
lobby/treasure|0|5|0,Overview,Overview
lobby/treasure|0|6|2|0,Redeem,Redeem
lobby/treasure|1|0,Summon,Summon
lobby/treasure|3|4,Select the character/item you would like to redeem,Select the character/item you would like to redeem
lobby/treasure|4|2|2|2|0,"Each time you summon, you can get 1","Each time you summon, you can get 1"
lobby/treasure|4|2|2|2|1,"(Faith), as well as all-new characters and decorations","(Faith), as well as all-new characters and decorations"
lobby/treasure|4|2|2|2|2,Chance to get characters: 5%,Chance to get characters: 5%
lobby/treasure|4|2|2|2|2|0,Duplicate characters will be converted to Wishing Stones,Duplicate characters will be converted to Wishing Stones
lobby/treasure|4|2|2|2|3,Chance to get decorations: 15%,Chance to get decorations: 15%
lobby/treasure|4|2|2|2|3|0,Duplicate decorations will be converted into Star Stones,Duplicate decorations will be converted into Star Stones
lobby/treasure|4|2|2|2|4,Chance to get green gift/blue gift/purple gift:  24%/51%/5%,Chance to get green gift/blue gift/purple gift:  24%/51%/5%
lobby/treasure|4|2|2|2|5,You will get at least 1 purple gift when you perform a 10-summon using Jade.,You will get at least 1 purple gift when you perform a 10-summon using Jade.
lobby/treasure|4|2|2|3|0,"Each time you summon, you can get 1","Each time you summon, you can get 1"
lobby/treasure|4|2|2|3|1,"(Faith), as well as all-new characters and decorations","(Faith), as well as all-new characters and decorations"
lobby/treasure|4|2|2|3|2,Chance to get characters: 5%,Chance to get characters: 5%
lobby/treasure|4|2|2|3|2|0,Duplicate characters will be converted to Wishing Stones,Duplicate characters will be converted to Wishing Stones
lobby/treasure|4|2|2|3|3,Chance to summon new characters: 2.95%,Chance to summon new characters: 2.95%
lobby/treasure|4|2|2|3|4,Chance to get decorations: 15%,Chance to get decorations: 15%
lobby/treasure|4|2|2|3|4|0,Duplicate decorations will be converted into Star Stones,Duplicate decorations will be converted into Star Stones
lobby/treasure|4|2|2|3|5,Chance to get new effects: 7.35%,Chance to get new effects: 7.35%
lobby/treasure|4|2|2|3|6,Chance to get green gift/blue gift/purple gift:  24%/51%/5%,Chance to get green gift/blue gift/purple gift:  24%/51%/5%
lobby/treasure|4|2|2|3|7,New characters and effects are limited-time Rate Up,New characters and effects are limited-time Rate Up
lobby/treasure|4|2|2|3|8,You will get at least 1 purple gift when you perform a 10-summon using Jade.,You will get at least 1 purple gift when you perform a 10-summon using Jade.
lobby/treasure|4|3|1|2|0|0|0,Character Info,캐릭터 정보
lobby/treasure|4|3|1|2|0|1|0,Height:,신장:
lobby/treasure|4|3|1|2|0|1|2,Birthday:,생일:
lobby/treasure|4|3|1|2|0|1|4,Age:,나이:
lobby/treasure|4|3|1|2|0|1|6,Blood Type:,혈액형:
lobby/treasure|4|3|1|2|0|1|8,CV:,CV:
lobby/treasure|4|3|1|2|0|1|10,Hobby:,취미:
lobby/treasure|4|3|1|2|0|1|12,Biography:,약력:
lobby/treasure|4|3|1|2|0|2|0|0,Voice,음성
lobby/treasure|4|3|1|2|0|2|1|0,Sample 1,샘플 1
lobby/treasure|4|3|1|2|0|2|2|0,Sample 2,샘플 2
lobby/treasure|4|3|1|2|0|2|3|0,Sample 3,샘플 3
lobby/treasure|5|0|2,Insufficient Summon Stones,Insufficient Summon Stones
lobby/treasure|5|0|11|0,Confirm,확인
lobby/treasure|5|0|12|0,Cancel,취소
lobby/treasure|5|0|13,Do you wish to spend,Do you wish to spend
lobby/treasure|5|0|14,Jade,Jade
lobby/treasure|5|0|15,Purchase,Purchase
lobby/treasure|5|0|16,Summon Stones?,Summon Stones?
lobby/treasure|6|0|2,Insufficient Jade,Insufficient Jade
lobby/treasure|6|0|4|0,Buy,구매
lobby/treasure|6|0|5|0,Cancel,취소
lobby/treasure|6|0|6,Insufficient Jade ，Do you wish to Purchase ？,Insufficient Jade ，Do you wish to Purchase ？
lobby/visit|0|2,Visit,Visit
lobby/visit|2|3|0,Info,정보
lobby/visit|2|4|0,Voice,음성
lobby/visit|2|5|0|0|0|0,Character Info,캐릭터 정보
lobby/visit|2|5|0|0|1|0,Height:,신장:
lobby/visit|2|5|0|0|1|2,Birthday:,생일:
lobby/visit|2|5|0|0|1|4,Age:,나이:
lobby/visit|2|5|0|0|1|6,Blood Type:,혈액형:
lobby/visit|2|5|0|0|1|8,CV:,CV:
lobby/visit|2|5|0|0|1|10,Hobby:,취미:
lobby/visit|2|5|0|0|1|12,Biography:,약력:
lobby/visit|2|5|0|0|3|0|0,Emoji,이모지
lobby/visit|2|5|0|0|3|1|0|1|0,Bond,인연
lobby/visit|2|5|1|1|0,Requires a 5-heart Bond,5하트 인연 필요
lobby/visit|2|5|1|1|1|0|0,Gift,선물
lobby/visit|2|5|1|2|0|0,Gift,선물
lobby/visit|2|5|1|2|1,Daily gift attempt:,일간 선물 잔여수:
lobby/visit|2|5|3|0|1,Bond,인연
lobby/visit|2|5|3|1|1,Gift,선물
lobby/visit|2|6|0|0,Voice,음성
lobby/visit|2|7|0,Info,정보
lobby/visit|2|8|0,Voice,음성
lobby/visit|3|0|0,Change Outfit,의상 변경
lobby/visit|3|0|2|0|0|2|3,Event,이벤트
lobby/waitingroom|0|5|2,Room,Room
lobby/waitingroom|0|5|5,Room,Room
lobby/waitingroom|0|6|1|1,Invite,초대
lobby/waitingroom|0|6|2|1,Add AI,AI 추가
lobby/waitingroom|0|6|3|1,Rules,규칙
lobby/waitingroom|0|6|4|1,Copy Link,링크 복사
lobby/waitingroom|0|6|5|1,Change Decoration,장식 변경
lobby/waitingroom|1|2,Copy the room link and send it to your friends,Room 링크를 복사해서 친구에게 보내세요
lobby/waitingroom|1|5|0,Copy,복사
lobby/waitingroom|2|1|2|0|2|1|0,Invite,초대
lobby/waitingroom|2|1|2|0|3,Invited,초대함
lobby/waitingroom|2|1|2|0|5,In a match,경기중
lobby/waitingroom|2|1|4,There are no friends to invite,초대할 친구가 없습니다
lobby/waitingroom|3|1|1|0|0,Character,캐릭터
lobby/waitingroom|3|1|1|1|0,Decoration,장식
lobby/waitingroom|3|1|4|0|2|0,In Use,사용중
lobby/waitingroom|3|1|4|0|3|0|0,Use,사용하기
lobby/waitingroom|3|1|4|0|4|0|0,Save,저장
lobby/waitingroom|3|1|4|1|6|0,Empty,비어있음
lobby/waitingroom|3|1|4|4|5|0,Empty,비어있음
lobby/waitingroom|3|1|5|1|1,Change Outfit,의상 변경
lobby/waitob|0|2,Starting in:,시작까지 남은 시간:
lobby/waitob|0|3|0,Confirm,확인
lobby/waitob|0|5,Second,초
mj/desktopInfo|12|2|1,Auto Arrange,자동 정렬
mj/desktopInfo|12|2|4,A,정
mj/desktopInfo|12|3|1,Auto Call Win,자동 화료
mj/desktopInfo|12|3|4,R,화
mj/desktopInfo|12|4|1,No Chii/Pon/Kan,치/펑/깡 금지
mj/desktopInfo|12|4|4,C,울
mj/desktopInfo|12|5|3,Auto Draw & Discard,자동 쯔모기리
mj/desktopInfo|12|5|4,D,쯔
mj/desktopInfo|13|5,Emoji,이모지
mj/gameend|0|6,Match End,경기 종료
mj/gameend|0|7|2,Added to titles,타이틀에 추가
mj/gameend|0|8|2,Confirm,확인
mj/gameend|0|9|2,Exit,Exit
mj/gameend|0|10|2,Back to log,로그로 돌아가기
mj/gamestop|1|2,Match paused. Please wait in patience,경기가 일시정지됨. 잠시만 기다려주세요
mj/hangup_warn|1|2,The system has detected you are AFK. Auto Draw & Discard enabled.,시스템이 AFK를 감지했습니다. 자동 쯔모기리가 활성화됩니다.
mj/hangup_warn|1|3|0,I'm back,복귀
mj/info_md5|0|2|0,"Majsoul promises all games are randomly generated. At the beginning of each match, the tile wall is already pre-determined, so the tiles issued in each game will not be changed, or influenced by any external factor. To support this statement, we have introduced a MD5 verification system. \n The MD5 algorithm is a widely used cryptographic hash function. It converts the input bytes (tile wall sequence) into a series of hash value using an algorithm. MD5 is uni-directional, unique and chaotic. \n Uni-directional: The MD5 code generated cannot be reversed. Therefore, the MD5 code we provide cannot be decrypted. No one can see your tile wall in advance. (PS: Most MD5 hacking tools are brute-force attack tools. It will take millions of years before anyone hacks a tile wall.) \n Unique: Each input will only generate one unique MD5 code. \n Chaotic: Two tile wall sequences will have completely different MD5 codes even if there is only one different tile between them. \n The uniqueness and chaoticness ensure that tile walls cannot be modified. Otherwise, the MD5 code will significant change. \n MD5 verification steps:\n 1.In every match, players can click the Dora Indicator on the top left corner to view and record the tile wall MD5 code. Each flush of tile wall generates one set of MD5 code. \n 2.After a match, players can go to Log and verify if the MD5 code in each game (recorded in the Log) against the value recorded when the game was played. The MD5 code obtained during the game should be consistent with the MD5 code in the Log. \n 3.Each tile has a unique code. “Man” tiles are represented by “m”, “Pin” tiles are represented by “p”, “Sou” tiles are represented by “s” and word tiles are represented by “z”. For example, 1 Man is 1m, 9 Pin is 9p, 5 Sou is 5s. East, South, West, North, White, Green and Red are 1z, 2z, 3z, 4z, 5z, 6z and 7z accordingly. Special “Red” 5 Man is 0m, Red 5 Pin is 0p, Red 5 Sou is 0s. As such, each tile wall can be represented by a unique series of codes. For a tile wall of “8 Pin - 7 Sou - East - Red 5 Man”, the code will be 8p7s1z0m. Players can view tile walls in Log. A tile wall refers to the sequence of remaining tiles after all hands are drawn. Each tile wall displayed can be represented by a unique sequence using the method above. The tile wall code displayed at the bottom is generated using this method. \n 4.A common online MD5 encryption website can be accessed at http://tool.chinaz.com/tools/md5.aspx On the left box, enter the tile wall code obtained from step 3, then select “32 digit encryption (L)” in the center, you will find the corresponding MD5 code on the right. You can compare the MD5 code generated with the MD5 code provided in game. If they are the same, your tile wall was pre-determined from the moment it was generated. This is a proof that we have not modified it in any way. If the tile wall was tampered, the tiles issued would not match with the Log. The MD5 codes generated would not match either. \n Thank you for supporting Majsoul. We hope you enjoy the game and improve your skills every day.","Majsoul promises all games are randomly generated. At the beginning of each match, the tile wall is already pre-determined, so the tiles issued in each game will not be changed, or influenced by any external factor. To support this statement, we have introduced a MD5 verification system. \n The MD5 algorithm is a widely used cryptographic hash function. It converts the input bytes (tile wall sequence) into a series of hash value using an algorithm. MD5 is uni-directional, unique and chaotic. \n Uni-directional: The MD5 code generated cannot be reversed. Therefore, the MD5 code we provide cannot be decrypted. No one can see your tile wall in advance. (PS: Most MD5 hacking tools are brute-force attack tools. It will take millions of years before anyone hacks a tile wall.) \n Unique: Each input will only generate one unique MD5 code. \n Chaotic: Two tile wall sequences will have completely different MD5 codes even if there is only one different tile between them. \n The uniqueness and chaoticness ensure that tile walls cannot be modified. Otherwise, the MD5 code will significant change. \n MD5 verification steps:\n 1.In every match, players can click the Dora Indicator on the top left corner to view and record the tile wall MD5 code. Each flush of tile wall generates one set of MD5 code. \n 2.After a match, players can go to Log and verify if the MD5 code in each game (recorded in the Log) against the value recorded when the game was played. The MD5 code obtained during the game should be consistent with the MD5 code in the Log. \n 3.Each tile has a unique code. “Man” tiles are represented by “m”, “Pin” tiles are represented by “p”, “Sou” tiles are represented by “s” and word tiles are represented by “z”. For example, 1 Man is 1m, 9 Pin is 9p, 5 Sou is 5s. East, South, West, North, White, Green and Red are 1z, 2z, 3z, 4z, 5z, 6z and 7z accordingly. Special “Red” 5 Man is 0m, Red 5 Pin is 0p, Red 5 Sou is 0s. As such, each tile wall can be represented by a unique series of codes. For a tile wall of “8 Pin - 7 Sou - East - Red 5 Man”, the code will be 8p7s1z0m. Players can view tile walls in Log. A tile wall refers to the sequence of remaining tiles after all hands are drawn. Each tile wall displayed can be represented by a unique sequence using the method above. The tile wall code displayed at the bottom is generated using this method. \n 4.A common online MD5 encryption website can be accessed at http://tool.chinaz.com/tools/md5.aspx On the left box, enter the tile wall code obtained from step 3, then select “32 digit encryption (L)” in the center, you will find the corresponding MD5 code on the right. You can compare the MD5 code generated with the MD5 code provided in game. If they are the same, your tile wall was pre-determined from the moment it was generated. This is a proof that we have not modified it in any way. If the tile wall was tampered, the tiles issued would not match with the Log. The MD5 codes generated would not match either. \n Thank you for supporting Majsoul. We hope you enjoy the game and improve your skills every day."
mj/live_broadcast|0|1,Watch,관전
mj/live_broadcast|0|2|0|0,Show Hands,손패 보기
mj/live_broadcast|0|3|0|0,Deal-in Tile,대기패
mj/live_broadcast|0|4|0|0,View log,로그 보기
mj/live_broadcast|1,Real-time spectating,실시간 관전
mj/ob_replay|0|9|2,Turn,순
mj/ob_replay|1|1|0|2|4,Repeat Counter,연장
mj/ob_replay|1|1|0|4|1,Tsumo,쯔모
mj/ob_replay|1|1|0|5|1,Deal-in,방총
mj/ob_replay|2|1|0|2,Turn,순
mj/replay|1|9|2,Turn,순
mj/replay|1|13|1,Wall,패산
mj/replay|2|1|0|2|4,Repeat Counter,연장
mj/replay|2|1|0|3,Exhaustive Draw,유국
mj/replay|2|1|0|5|1,Deal-in,방총
mj/replay|3|1|0|2,Turn,순
mj/replay|4|1,Log,로그
mj/replay|4|2|0|0,Show Hands,손패 보기
mj/replay|4|3|0|0,Deal-in Tile,대기패
mj/replay|4|4|0|0,Effect Display,효과 표시
mj/replay|4|5|0|0,Show Nickname,닉네임 표시
mj/replay|5|0|0|1|1,Wall Code:,패산 코드:
mj/rewardprogress|1|0,Bond,인연
mj/rewardprogress|2|1,Bond Gift,인연 선물
mj/scorechange|6|3,Confirm,확인
mj/tingpai|0|2|0|1|0,Furiten,후리텐
mj/tingpai|0|2|1|1|0,Furiten,후리텐
mj/tingpai|0|2|2|1|0,Furiten,후리텐
mj/tingpai|0|2|3|1|0,Furiten,후리텐
mj/tingpai|0|2|4|1|0,Furiten,후리텐
mj/tingpai|0|2|5|1|0,Furiten,후리텐
mj/tingpai|0|2|6|1|0,Furiten,후리텐
mj/tingpai|0|2|7|1|0,Furiten,후리텐
mj/tingpai|0|2|8|1|0,Furiten,후리텐
mj/tingpai|0|2|9|1|0,Furiten,후리텐
mj/tingpai|0|2|10|1|0,Furiten,후리텐
mj/tingpai|0|2|11|1|0,Furiten,후리텐
mj/tingpai|0|2|12|1|0,Furiten,후리텐
mj/tingpai|0|2|13|1|0,Furiten,후리텐
mj/tingpai|0|2|14|1|0,Furiten,후리텐
mj/vote|0|2,Match End,경기 종료
mj/vote|0|3,Are you sure to vote to end the match?,경기 종료 투표를 하시겠습니까?
mj/vote|0|4,(The match will end once all players agree.),(모든 플레이어가 동의하면 경기가 종료됩니다.)
mj/vote|0|5|0,Confirm,확인
mj/vote|0|6|0,Cancel,취소
mj/vote_cd|0|2,Match End,경기 종료
mj/vote_cd|0|3,"Last vote was not agreed by all the players, please start the next vote after 5 minutes.","최근 투표에서 모든 플레이어가 동의하지 않았습니다. 5분 뒤에 다시 투표해주세요."
mj/vote_cd|0|5|0,Confirm,확인
mj/vote_progress|0|2,Match End,경기 종료
mj/vote_progress|0|3|0,Agree,동의
mj/vote_progress|0|4|0,Disagree,동의하지 않음
mj/win|1|6|0|1,Mangan at Draw,유국만관
mj/win|1|15|3,Confirm,확인
mj/win|1|19|0,Event Points：,이벤트 점수：
